Workbook

Sheet Inf. Preliminar
C3: INFORME PRELIMINAR
E5: INFORME DE INVESTIGACIÓN DE POSIBLE BROTE DE ETA Y ENFERMEDADES DE ORIGEN HÍDRICO | M5: Logo Institución
E6: INSTITUTO NACIONAL DE SALUD
E7: DIRECCIÓN DE VIGILANCIA Y ANÁLISIS DEL RIESGO EN SALUD PÚBLICA
E8: GRUPO DE GESTIÓN DEL RIESGO RESPUESTA INMEDIATA Y COMUNICACIÓN DEL RIESGO
C12: Departamento
C13: Municipio
C14: Barrio/Corregimiento/Vereda/Localidad
C16: Cumple con parámetros de notificación inmediata? | H16: Si | J16: No
C18: Fecha de inicio del brote (dd/mm/año):
C20: Fecha de detección del brote (dd/mm/año):
C22: Fecha de notificación al SAT (dd/mm/año):
C24: Fecha de notificación al Sivigila (dd/mm/año):
C26: Semana epidemiológica de ocurrencia:
C28: Lugar de ocurrencia:
C30: Dirección: | I30: Teléfono:
C32: Fecha de inicio de signos y síntomas de caso índice (dd/mm/año): | M32: =IF(N34>E34,"Error - el total de casos no puede ser mayor al de expuestos"," ")
C34: Posible número de expuestos | G34: Casos UPGD | J34: Casos (BAC) | M34: Tocal casos | N34: =H34+K34 -> 0
C36: =IF((E38+H38)=$N$34," ","Error - la suma de casos vivos y muertos debe ser igual al total de casos") | J36: =IF((K38+N38)=$N$34," ","Error - la suma de casos hospitalizados y ambu. debe ser igual al total casos")
C38: Casos vivos | G38: Casos muertos | J38: Casos hospitalizados | M38: Casos en casa
C40: Posibles alimentos/agua o mecanismos de transmisión implicados
C42: Signos y síntomas
C44: Antecedentes del brote:
C47: Hipótesis inicial (teniendo en cuenta signos y síntomas):
C49: Medidas iniciales de control:
C51: Observaciones:
C53: Muestras recolectadas | E53: Biológica | H53: Superficies
E54: Alimentos | H54: Manipuladores
C56: Alguno de los alimentos implicados son industrializados? | E56: Si | H56: =IF(F56="x","Datos del fabricante y del/los producto/s"," ")
E57: No
C59: Requiere apoyo de otras instancias? | E59: Si | H59: =IF(F59="x","Cuáles?"," ")
E60: No
C62: Nombre del profesional que elaboró el informe
C63: Nombre y cargo del profesional que revisó
C64: Teléfono o celular
C65: e-mail
J68: Diseñado y elaborado por: Milena Borbón Ramos. DVARSP. Versión Julio 31 de 2022

Sheet Inf. 72 horas
C3: SEGUNDO INFORME - 72 HORAS
E5: INFORME DE INVESTIGACIÓN DE POSIBLE BROTE DE ETA Y ENFERMEDADES DE ORIGEN HÍDRICO | P5: Logo Institución
E6: INSTITUTO NACIONAL DE SALUD
E7: DIRECCIÓN DE VIGILANCIA Y ANÁLISIS DEL RIESGO EN SALUD PÚBLICA
E8: GRUPO DE GESTIÓN DEL RIESGO RESPUESTA INMEDIATA Y COMUNICACIÓN DEL RIESGO
E10: ='Inf. Preliminar'!E10 -> 0
C12: Departamento | F12: ='Inf. Preliminar'!F12 -> 0
C13: Municipio | F13: ='Inf. Preliminar'!F13 -> 0
C14: Barrio/Corregimiento/Vereda | F14: ='Inf. Preliminar'!F14 -> 0
C16: Fecha de notificación de investigación epidemiologica de campo (dd/mm/año):
C19: Lugar de ocurrencia: | E19: ='Inf. Preliminar'!E28 -> 0
C22: Definición de caso (basada en alimentos implicados, signos y síntomas y lugar de consumo)
C24: Manejo y tratamiento clínico de los casos, indicar complicaciones
C26: DESCRIPCIÓN DEL BROTE
C28: 1. Distribución de casos por signos y síntomas presentados
C30: Fecha primer caso (dd/mm/año) | J30: Total de casos | M30: Total de expuestos | P30: =IF(K30<=N30,"","Error - El total de casos NO puede superar el total de expuestos ")
C31: Fecha último caso (dd/mm/año)
C33: Signos y síntomas | D33: Número de casos con signos y síntomas | F33: Porcentaje (%)
F34: =D34/$K$30 -> #DIV/0! | G34: =IF(D34>$K$30,"Error - recuerde que el número de casos con signos y síntomas no puede ser mayor al total de casos","")
F35: =D35/$K$30 -> #DIV/0! | G35: =IF(D35>$K$30,"Error - recuerde que el número de casos con signos y síntomas no puede ser mayor al total de casos","")
F36: =D36/$K$30 -> #DIV/0! | G36: =IF(D36>$K$30,"Error - recuerde que el número de casos con signos y síntomas no puede ser mayor al total de casos","")
F37: =D37/$K$30 -> #DIV/0! | G37: =IF(D37>$K$30,"Error - recuerde que el número de casos con signos y síntomas no puede ser mayor al total de casos","")
F38: =D38/$K$30 -> #DIV/0! | G38: =IF(D38>$K$30,"Error - recuerde que el número de casos con signos y síntomas no puede ser mayor al total de casos","")
F39: =D39/$K$30 -> #DIV/0! | G39: =IF(D39>$K$30,"Error - recuerde que el número de casos con signos y síntomas no puede ser mayor al total de casos","")
F40: =D40/$K$30 -> #DIV/0! | G40: =IF(D40>$K$30,"Error - recuerde que el número de casos con signos y síntomas no puede ser mayor al total de casos","")
F41: =D41/$K$30 -> #DIV/0! | G41: =IF(D41>$K$30,"Error - recuerde que el número de casos con signos y síntomas no puede ser mayor al total de casos","")
F42: =D42/$K$30 -> #DIV/0! | G42: =IF(D42>$K$30,"Error - recuerde que el número de casos con signos y síntomas no puede ser mayor al total de casos","")
F43: =D43/$K$30 -> #DIV/0! | G43: =IF(D43>$K$30,"Error - recuerde que el número de casos con signos y síntomas no puede ser mayor al total de casos","")
C45: 2. Tasa de ataque por edad y género (fuente: entrevista a consumidores). Se agrupan en intervalos, según características de la población
C47: Grupo de edad | F47: Masculino | I47: Femenino | N47: Total
F48: Número expuestos de sexo masculino | G48: Número de casos masculinos | H48: % enfermos | I48: Número expuestos de sexo femenino | K48: Número de casos femeninos | M48: % enfermos | N48: Total expuestos | O48: Total enfermos | P48: % enfermos
C49: Menor de 1 año | H49: =IF(F49="","",(G49/F49)) | M49: =IF(I49="","",(K49/I49)) | N49: =F49+I49 -> 0 | O49: =G49+K49 -> 0 | P49: =IF(N49=0,"",(O49/N49))
C50: De 1 a 4 años | H50: =IF(F50="","",(G50/F50)) | M50: =IF(I50="","",(K50/I50)) | N50: =F50+I50 -> 0 | O50: =G50+K50 -> 0 | P50: =IF(N50=0,"",(O50/N50))
C51: De 5 a 9 años | H51: =IF(F51="","",(G51/F51)) | M51: =IF(I51="","",(K51/I51)) | N51: =F51+I51 -> 0 | O51: =G51+K51 -> 0 | P51: =IF(N51=0,"",(O51/N51))
C52: De 10 a 19 años | H52: =IF(F52="","",(G52/F52)) | M52: =IF(I52="","",(K52/I52)) | N52: =F52+I52 -> 0 | O52: =G52+K52 -> 0 | P52: =IF(N52=0,"",(O52/N52))
C53: De 20 a 49 años | H53: =IF(F53="","",(G53/F53)) | M53: =IF(I53="","",(K53/I53)) | N53: =F53+I53 -> 0 | O53: =G53+K53 -> 0 | P53: =IF(N53=0,"",(O53/N53))
C54: De 50 a 74 años | H54: =IF(F54="","",(G54/F54)) | M54: =IF(I54="","",(K54/I54)) | N54: =F54+I54 -> 0 | O54: =G54+K54 -> 0 | P54: =IF(N54=0,"",(O54/N54))
C55: De 75 años y más | H55: =IF(F55="","",(G55/F55)) | M55: =IF(I55="","",(K55/I55)) | N55: =F55+I55 -> 0 | O55: =G55+K55 -> 0 | P55: =IF(N55=0,"",(O55/N55))
C56: Total | F56: =SUM(F49:F55) -> 0 | G56: =SUM(G49:G55) -> 0 | H56: =IF(F56=0,"",(G56/F56)) | I56: =SUM(I49:J55) -> 0 | K56: =SUM(K49:L55) -> 0 | M56: =IF(I56=0,"",(K56/I56)) | N56: =F56+I56 -> 0 | O56: =G56+K56 -> 0 | P56: =IF(N56=0,"",(O56/N56))
F57: =IF(F56<G56,"Error - el número de expuestos no puede ser menor al número de casos","") | I57: =IF(I56<K56,"Error - el número de expuestos no puede ser menor al número de casos","") | N57: =IF(N56=N30,"","Error - La suma NO coincide con el número total de expuestos ") | O57: =IF(O56=K30,"","Error - La suma NO coincide con el número total de casos ")
C58: 3. Curva epidémica
C60: Período de incubación: intervalo transcurrido entre la ingestión de los alimentos y la aparición del primer síntoma.
C63: Minutos | E63: Horas | G63: Días
C67: =IF($D$63="x","Minutos",IF($F$63="X","Horas",IF($H$63="x","Días","Error"))) -> Error | E67: Número de casos | F67: Punto medio | G67: Frecuencia | H67: Casos acumulados | L67: =IF($D$63="x","Minutos",IF($F$63="X","Horas",IF($H$63="x","Días","Error"))) -> Error | N67: Punto medio | O67: Casos rango | P67: Frecuencia | Q67: Casos acumulados
C68: 0 | D68: 2 | E68: 0 | F68: =(C68+D68)/2 -> 1 | G68: =E68*F68 -> 0 | H68: =E68 -> 0 | I68: =IF(E68="","Si no hay casos, dejar cero","") | K68: =Q68 -> 0 | L68: 0 | M68: 6 | N68: =(L68+M68)/2 -> 3 | O68: =SUM(E68:E70) -> 0 | P68: =N68*O68 -> 0 | Q68: =O68 -> 0
C69: 2.1 | D69: 4 | E69: 0 | F69: =(C69+D69)/2 -> 3.05 | G69: =E69*F69 -> 0 | H69: =H68+E69 -> 0 | I69: =IF(E69="","Si no hay casos, dejar cero","") | K69: =Q69 -> 0 | L69: 6.1 | M69: 12 | N69: =(L69+M69)/2 -> 9.05 | O69: =SUM(E71:E73) -> 0 | P69: =N69*O69 -> 0 | Q69: =Q68+O69 -> 0
C70: 4.1 | D70: 6 | E70: 0 | F70: =(C70+D70)/2 -> 5.05 | G70: =E70*F70 -> 0 | H70: =H69+E70 -> 0 | I70: =IF(E70="","Si no hay casos, dejar cero","") | K70: =Q70 -> 0 | L70: 12.1 | M70: 18 | N70: =(L70+M70)/2 -> 15.05 | O70: =SUM(E74:E76) -> 0 | P70: =N70*O70 -> 0 | Q70: =Q69+O70 -> 0
C71: 6.1 | D71: 8 | E71: 0 | F71: =(C71+D71)/2 -> 7.05 | G71: =E71*F71 -> 0 | H71: =H70+E71 -> 0 | I71: =IF(E71="","Si no hay casos, dejar cero","") | K71: =Q71 -> 0 | L71: 18.1 | M71: 24 | N71: =(L71+M71)/2 -> 21.05 | O71: =SUM(E77:E79) -> 0 | P71: =N71*O71 -> 0 | Q71: =Q70+O71 -> 0
C72: 8.1 | D72: 10 | E72: 0 | F72: =(C72+D72)/2 -> 9.05 | G72: =E72*F72 -> 0 | H72: =H71+E72 -> 0 | I72: =IF(E72="","Si no hay casos, dejar cero","") | K72: =Q72 -> 0 | L72: 24.1 | M72: 30 | N72: =(L72+M72)/2 -> 27.05 | O72: =SUM(E80:E82) -> 0 | P72: =N72*O72 -> 0 | Q72: =Q71+O72 -> 0
C73: 10.1 | D73: 12 | E73: 0 | F73: =(C73+D73)/2 -> 11.05 | G73: =E73*F73 -> 0 | H73: =H72+E73 -> 0 | I73: =IF(E73="","Si no hay casos, dejar cero","") | K73: =Q73 -> 0 | L73: 30.1 | M73: 36 | N73: =(L73+M73)/2 -> 33.05 | O73: =SUM(E83:E85) -> 0 | P73: =N73*O73 -> 0 | Q73: =Q72+O73 -> 0
C74: 12.1 | D74: 14 | E74: 0 | F74: =(C74+D74)/2 -> 13.05 | G74: =E74*F74 -> 0 | H74: =H73+E74 -> 0 | I74: =IF(E74="","Si no hay casos, dejar cero","") | K74: =Q74 -> 0 | L74: 36.1 | M74: 42 | N74: =(L74+M74)/2 -> 39.05 | O74: =SUM(E86:E88) -> 0 | P74: =N74*O74 -> 0 | Q74: =Q73+O74 -> 0
C75: 14.1 | D75: 16 | E75: 0 | F75: =(C75+D75)/2 -> 15.05 | G75: =E75*F75 -> 0 | H75: =H74+E75 -> 0 | I75: =IF(E75="","Si no hay casos, dejar cero","") | K75: =Q75 -> 0 | L75: 42.1 | M75: 48 | N75: =(L75+M75)/2 -> 45.05 | O75: =SUM(E89:E91) -> 0 | P75: =N75*O75 -> 0 | Q75: =Q74+O75 -> 0
C76: 16.1 | D76: 18 | E76: 0 | F76: =(C76+D76)/2 -> 17.05 | G76: =E76*F76 -> 0 | H76: =H75+E76 -> 0 | I76: =IF(E76="","Si no hay casos, dejar cero","") | K76: =Q76 -> 0 | L76: 48.1 | M76: 54 | N76: =(L76+M76)/2 -> 51.05 | O76: =SUM(E92:E94) -> 0 | P76: =N76*O76 -> 0 | Q76: =Q75+O76 -> 0
C77: 18.1 | D77: 20 | E77: 0 | F77: =(C77+D77)/2 -> 19.05 | G77: =E77*F77 -> 0 | H77: =H76+E77 -> 0 | I77: =IF(E77="","Si no hay casos, dejar cero","") | K77: =Q77 -> 0 | L77: 54.1 | M77: 60 | N77: =(L77+M77)/2 -> 57.05 | O77: =SUM(E95:E97) -> 0 | P77: =N77*O77 -> 0 | Q77: =Q76+O77 -> 0
C78: 20.1 | D78: 22 | E78: 0 | F78: =(C78+D78)/2 -> 21.05 | G78: =E78*F78 -> 0 | H78: =H77+E78 -> 0 | I78: =IF(E78="","Si no hay casos, dejar cero","") | O78: =SUM(O68:O77) -> 0 | P78: =SUM(P68:P77) -> 0
C79: 22.1 | D79: 24 | E79: 0 | F79: =(C79+D79)/2 -> 23.05 | G79: =E79*F79 -> 0 | H79: =H78+E79 -> 0 | I79: =IF(E79="","Si no hay casos, dejar cero","")
C80: 24.1 | D80: 26 | E80: 0 | F80: =(C80+D80)/2 -> 25.05 | G80: =E80*F80 -> 0 | H80: =H79+E80 -> 0 | I80: =IF(E80="","Si no hay casos, dejar cero","")
C81: 26.1 | D81: 28 | E81: 0 | F81: =(C81+D81)/2 -> 27.05 | G81: =E81*F81 -> 0 | H81: =H80+E81 -> 0 | I81: =IF(E81="","Si no hay casos, dejar cero","")
C82: 28.1 | D82: 30 | E82: 0 | F82: =(C82+D82)/2 -> 29.05 | G82: =E82*F82 -> 0 | H82: =H81+E82 -> 0 | I82: =IF(E82="","Si no hay casos, dejar cero","")
C83: 30.1 | D83: 32 | E83: 0 | F83: =(C83+D83)/2 -> 31.05 | G83: =E83*F83 -> 0 | H83: =H82+E83 -> 0 | I83: =IF(E83="","Si no hay casos, dejar cero","")
C84: 32.1 | D84: 34 | E84: 0 | F84: =(C84+D84)/2 -> 33.05 | G84: =E84*F84 -> 0 | H84: =H83+E84 -> 0 | I84: =IF(E84="","Si no hay casos, dejar cero","")
C85: 34.1 | D85: 36 | E85: 0 | F85: =(C85+D85)/2 -> 35.05 | G85: =E85*F85 -> 0 | H85: =H84+E85 -> 0 | I85: =IF(E85="","Si no hay casos, dejar cero","")
C86: 36.1 | D86: 38 | E86: 0 | F86: =(C86+D86)/2 -> 37.05 | G86: =E86*F86 -> 0 | H86: =H85+E86 -> 0 | I86: =IF(E86="","Si no hay casos, dejar cero","")
C87: 38.1 | D87: 40 | E87: 0 | F87: =(C87+D87)/2 -> 39.05 | G87: =E87*F87 -> 0 | H87: =H86+E87 -> 0 | I87: =IF(E87="","Si no hay casos, dejar cero","") | L87: Periodo de incubación mas corto | Q87: =IF($D$63="x","Minutos",IF($F$63="X","Horas",IF($H$63="x","Días","Error"))) -> Error
C88: 40.1 | D88: 42 | E88: 0 | F88: =(C88+D88)/2 -> 41.05 | G88: =E88*F88 -> 0 | H88: =H87+E88 -> 0 | I88: =IF(E88="","Si no hay casos, dejar cero","") | L88: Periodo de incubación mas largo | Q88: =IF($D$63="x","Minutos",IF($F$63="X","Horas",IF($H$63="x","Días","Error"))) -> Error
C89: 42.1 | D89: 44 | E89: 0 | F89: =(C89+D89)/2 -> 43.05 | G89: =E89*F89 -> 0 | H89: =H88+E89 -> 0 | I89: =IF(E89="","Si no hay casos, dejar cero","") | L89: Periodo de incubación media | P89: =G98/H97 -> #DIV/0! | Q89: =IF($D$63="x","Minutos",IF($F$63="X","Horas",IF($H$63="x","Días","Error"))) -> Error
C90: 44.1 | D90: 46 | E90: 0 | F90: =(C90+D90)/2 -> 45.05 | G90: =E90*F90 -> 0 | H90: =H89+E90 -> 0 | I90: =IF(E90="","Si no hay casos, dejar cero","") | L90: Mediana | P90: =P95+(((P94-P96)/P97)*5) -> #N/A | Q90: =IF($D$63="x","Minutos",IF($F$63="X","Horas",IF($H$63="x","Días","Error"))) -> Error
C91: 46.1 | D91: 48 | E91: 0 | F91: =(C91+D91)/2 -> 47.05 | G91: =E91*F91 -> 0 | H91: =H90+E91 -> 0 | I91: =IF(E91="","Si no hay casos, dejar cero","") | L91: =IF(P88<P87,"Error - el periodo de incubación mas largo no puede ser menor al periodo mas corto corto"," ")
C92: 48.1 | D92: 50 | E92: 0 | F92: =(C92+D92)/2 -> 49.05 | G92: =E92*F92 -> 0 | H92: =H91+E92 -> 0 | I92: =IF(E92="","Si no hay casos, dejar cero","")
C93: 50.1 | D93: 52 | E93: 0 | F93: =(C93+D93)/2 -> 51.05 | G93: =E93*F93 -> 0 | H93: =H92+E93 -> 0 | I93: =IF(E93="","Si no hay casos, dejar cero","")
C94: 52.1 | D94: 54 | E94: 0 | F94: =(C94+D94)/2 -> 53.05 | G94: =E94*F94 -> 0 | H94: =H93+E94 -> 0 | I94: =IF(E94="","Si no hay casos, dejar cero","") | L94: PM: Posición de la Mediana | P94: =(O78-1)/2 -> -0.5 | Q94: =IF($D$63="x","Minutos",IF($F$63="X","Horas",IF($H$63="x","Días","Error"))) -> Error
C95: 54.1 | D95: 56 | E95: 0 | F95: =(C95+D95)/2 -> 55.05 | G95: =E95*F95 -> 0 | H95: =H94+E95 -> 0 | I95: =IF(E95="","Si no hay casos, dejar cero","") | L95: Li: Límite inferior del intervalo de la posición de la mediana | P95: =VLOOKUP(P94,$K$68:$Q$77,2) -> #N/A | Q95: =IF($D$63="x","Minutos",IF($F$63="X","Horas",IF($H$63="x","Días","Error"))) -> Error
C96: 56.1 | D96: 58 | E96: 0 | F96: =(C96+D96)/2 -> 57.05 | G96: =E96*F96 -> 0 | H96: =H95+E96 -> 0 | I96: =IF(E96="","Si no hay casos, dejar cero","") | L96: fIPM | P96: =VLOOKUP(P94,$Q$68:$Q$77,1) -> #N/A | Q96: =IF($D$63="x","Minutos",IF($F$63="X","Horas",IF($H$63="x","Días","Error"))) -> Error
C97: 58.1 | D97: 60 | E97: 0 | F97: =(C97+D97)/2 -> 59.05 | G97: =E97*F97 -> 0 | H97: =H96+E97 -> 0 | I97: =IF(E97="","Si no hay casos, dejar cero","") | L97: fPM | P97: =VLOOKUP(P95,$L$68:$Q$77,4,0) -> #N/A | Q97: =IF($D$63="x","Minutos",IF($F$63="X","Horas",IF($H$63="x","Días","Error"))) -> Error
D98: Total | E98: =SUM(E68:E97) -> 0 | G98: =SUM(G68:G97) -> 0 | I98: =IF(E98=K30,""," Error - La suma de los casos NO coincide con el número de casos descrito inicialmente")
C100: 4. Tasa de ataque de expuestos y no expuestos (cohortes ó casos y controles)
C101: (Probable alimento implicado causante de la ETA)
C102: NOTA. Para tablas de contingencia de este tipo, nunca pueden haber valores de 0 en los campos 24 al 27; si esto ocurre, adicionar 1 caso (sumar 1) a todos los campos (24 al 27) a cada uno de los alimentos implicados.
L103: Intervalo de confianza IC | O103: 0.9 | P103: =IF(N103="X",1.65,IF(N104="X",1.96,IF(N105="X",2.58,"ERROR - Seleccione un índice de confianza"))) -> ERROR - Seleccione un índice de confianza
C104: COHORTES | O104: 0.95
C105: CASOS Y CONTROLES | O105: 0.99
C107: Alimentos | D107: Grupo A - Consumieron alimento | H107: Grupo B - No consumieron alimento | M107: Diferencia de tasas | N107: =IF(E104="X","RR","OR") -> OR | P107: Intervalos de confianza
D108: Enfermaron | F108: Total | G108: Tasa de ataque enfermos | H108: Enfermaron | J108: Total | K108: Tasa de ataque enfermos
D109: Si | E109: No | H109: Si | I109: No | P109: Límite inferior | Q109: Límite superior
F110: =IF(C110="","",(D110+E110)) | G110: =IF(C110="","",(D110/F110)) | J110: =IF(C110="","",(H110+I110)) | K110: =IF(C110="","",(H110/J110)) | M110: =IF(C110="","",(G110-K110)) | N110: =IF(C110="","",IF($N$107="RR",((D110/(D110+E110))/(H110/(H110+I110))),IF($N$107="OR",((D110*I110)/(E110*H110)),"ERROR"))) | P110: =IF(C110="","",(N110^(1-($P$103/(SQRT((($J110+$F110)*((($D110*$I110)-($E110*$H110))*(($D110*$I110)-($E110*$H110)))/(($D110+$H110)*($E110+$I110)*($D110+$E110)*($H110+$I110))))))))) | Q110: =IF(C110="","",(N110^(1+($P$103/(SQRT((($J110+$F110)*((($D110*$I110)-($E110*$H110))*(($D110*$I110)-($E110*$H110)))/(($D110+$H110)*($E110+$I110)*($D110+$E110)*($H110+$I110))))))))) | R110: =UPPER(C110) | S110: =IF(C110="","",IF($E$104="X",IF(T110<>$K$30,"Error - la suma de Grupo A y B debe ser igual al total de casos",""),IF(T110<>$N$30,"Error - la suma de Grupo A y B debe ser igual al total de expuestos",""))) | T110: =J110+F110 -> #VALUE!
F111: =IF(C111="","",(D111+E111)) | G111: =IF(C111="","",(D111/F111)) | J111: =IF(C111="","",(H111+I111)) | K111: =IF(C111="","",(H111/J111)) | M111: =IF(C111="","",(G111-K111)) | N111: =IF(C111="","",IF($N$107="RR",((D111/(D111+E111))/(H111/(H111+I111))),IF($N$107="OR",((D111*I111)/(E111*H111)),"ERROR"))) | P111: =IF(C111="","",(N111^(1-($P$103/(SQRT((($J111+$F111)*((($D111*$I111)-($E111*$H111))*(($D111*$I111)-($E111*$H111)))/(($D111+$H111)*($E111+$I111)*($D111+$E111)*($H111+$I111))))))))) | Q111: =IF(C111="","",(N111^(1+($P$103/(SQRT((($J111+$F111)*((($D111*$I111)-($E111*$H111))*(($D111*$I111)-($E111*$H111)))/(($D111+$H111)*($E111+$I111)*($D111+$E111)*($H111+$I111))))))))) | R111: =UPPER(C111) | S111: =IF(C111="","",IF($E$104="X",IF(T111<>$K$30,"Error - la suma de Grupo A y B debe ser igual al total de casos",""),IF(T111<>$N$30,"Error - la suma de Grupo A y B debe ser igual al total de expuestos",""))) | T111: =J111+F111 -> #VALUE!
F112: =IF(C112="","",(D112+E112)) | G112: =IF(C112="","",(D112/F112)) | J112: =IF(C112="","",(H112+I112)) | K112: =IF(C112="","",(H112/J112)) | M112: =IF(C112="","",(G112-K112)) | N112: =IF(C112="","",IF($N$107="RR",((D112/(D112+E112))/(H112/(H112+I112))),IF($N$107="OR",((D112*I112)/(E112*H112)),"ERROR"))) | P112: =IF(C112="","",(N112^(1-($P$103/(SQRT((($J112+$F112)*((($D112*$I112)-($E112*$H112))*(($D112*$I112)-($E112*$H112)))/(($D112+$H112)*($E112+$I112)*($D112+$E112)*($H112+$I112))))))))) | Q112: =IF(C112="","",(N112^(1+($P$103/(SQRT((($J112+$F112)*((($D112*$I112)-($E112*$H112))*(($D112*$I112)-($E112*$H112)))/(($D112+$H112)*($E112+$I112)*($D112+$E112)*($H112+$I112))))))))) | R112: =UPPER(C112) | S112: =IF(C112="","",IF($E$104="X",IF(T112<>$K$30,"Error - la suma de Grupo A y B debe ser igual al total de casos",""),IF(T112<>$N$30,"Error - la suma de Grupo A y B debe ser igual al total de expuestos",""))) | T112: =J112+F112 -> #VALUE!
F113: =IF(C113="","",(D113+E113)) | G113: =IF(C113="","",(D113/F113)) | J113: =IF(C113="","",(H113+I113)) | K113: =IF(C113="","",(H113/J113)) | M113: =IF(C113="","",(G113-K113)) | N113: =IF(C113="","",IF($N$107="RR",((D113/(D113+E113))/(H113/(H113+I113))),IF($N$107="OR",((D113*I113)/(E113*H113)),"ERROR"))) | P113: =IF(C113="","",(N113^(1-($P$103/(SQRT((($J113+$F113)*((($D113*$I113)-($E113*$H113))*(($D113*$I113)-($E113*$H113)))/(($D113+$H113)*($E113+$I113)*($D113+$E113)*($H113+$I113))))))))) | Q113: =IF(C113="","",(N113^(1+($P$103/(SQRT((($J113+$F113)*((($D113*$I113)-($E113*$H113))*(($D113*$I113)-($E113*$H113)))/(($D113+$H113)*($E113+$I113)*($D113+$E113)*($H113+$I113))))))))) | R113: =UPPER(C113) | S113: =IF(C113="","",IF($E$104="X",IF(T113<>$K$30,"Error - la suma de Grupo A y B debe ser igual al total de casos",""),IF(T113<>$N$30,"Error - la suma de Grupo A y B debe ser igual al total de expuestos",""))) | T113: =J113+F113 -> #VALUE!
F114: =IF(C114="","",(D114+E114)) | G114: =IF(C114="","",(D114/F114)) | J114: =IF(C114="","",(H114+I114)) | K114: =IF(C114="","",(H114/J114)) | M114: =IF(C114="","",(G114-K114)) | N114: =IF(C114="","",IF($N$107="RR",((D114/(D114+E114))/(H114/(H114+I114))),IF($N$107="OR",((D114*I114)/(E114*H114)),"ERROR"))) | P114: =IF(C114="","",(N114^(1-($P$103/(SQRT((($J114+$F114)*((($D114*$I114)-($E114*$H114))*(($D114*$I114)-($E114*$H114)))/(($D114+$H114)*($E114+$I114)*($D114+$E114)*($H114+$I114))))))))) | Q114: =IF(C114="","",(N114^(1+($P$103/(SQRT((($J114+$F114)*((($D114*$I114)-($E114*$H114))*(($D114*$I114)-($E114*$H114)))/(($D114+$H114)*($E114+$I114)*($D114+$E114)*($H114+$I114))))))))) | R114: =UPPER(C114) | S114: =IF(C114="","",IF($E$104="X",IF(T114<>$K$30,"Error - la suma de Grupo A y B debe ser igual al total de casos",""),IF(T114<>$N$30,"Error - la suma de Grupo A y B debe ser igual al total de expuestos",""))) | T114: =J114+F114 -> #VALUE!
F115: =IF(C115="","",(D115+E115)) | G115: =IF(C115="","",(D115/F115)) | J115: =IF(C115="","",(H115+I115)) | K115: =IF(C115="","",(H115/J115)) | M115: =IF(C115="","",(G115-K115)) | N115: =IF(C115="","",IF($N$107="RR",((D115/(D115+E115))/(H115/(H115+I115))),IF($N$107="OR",((D115*I115)/(E115*H115)),"ERROR"))) | P115: =IF(C115="","",(N115^(1-($P$103/(SQRT((($J115+$F115)*((($D115*$I115)-($E115*$H115))*(($D115*$I115)-($E115*$H115)))/(($D115+$H115)*($E115+$I115)*($D115+$E115)*($H115+$I115))))))))) | Q115: =IF(C115="","",(N115^(1+($P$103/(SQRT((($J115+$F115)*((($D115*$I115)-($E115*$H115))*(($D115*$I115)-($E115*$H115)))/(($D115+$H115)*($E115+$I115)*($D115+$E115)*($H115+$I115))))))))) | R115: =UPPER(C115) | S115: =IF(C115="","",IF($E$104="X",IF(T115<>$K$30,"Error - la suma de Grupo A y B debe ser igual al total de casos",""),IF(T115<>$N$30,"Error - la suma de Grupo A y B debe ser igual al total de expuestos",""))) | T115: 0
F116: =IF(C116="","",(D116+E116)) | G116: =IF(C116="","",(D116/F116)) | J116: =IF(C116="","",(H116+I116)) | K116: =IF(C116="","",(H116/J116)) | M116: =IF(C116="","",(G116-K116)) | N116: =IF(C116="","",IF($N$107="RR",((D116/(D116+E116))/(H116/(H116+I116))),IF($N$107="OR",((D116*I116)/(E116*H116)),"ERROR"))) | P116: =IF(C116="","",(N116^(1-($P$103/(SQRT((($J116+$F116)*((($D116*$I116)-($E116*$H116))*(($D116*$I116)-($E116*$H116)))/(($D116+$H116)*($E116+$I116)*($D116+$E116)*($H116+$I116))))))))) | Q116: =IF(C116="","",(N116^(1+($P$103/(SQRT((($J116+$F116)*((($D116*$I116)-($E116*$H116))*(($D116*$I116)-($E116*$H116)))/(($D116+$H116)*($E116+$I116)*($D116+$E116)*($H116+$I116))))))))) | R116: =UPPER(C116) | S116: =IF(C116="","",IF($E$104="X",IF(T116<>$K$30,"Error - la suma de Grupo A y B debe ser igual al total de casos",""),IF(T116<>$N$30,"Error - la suma de Grupo A y B debe ser igual al total de expuestos",""))) | T116: =J116+F116 -> #VALUE!
F117: =IF(C117="","",(D117+E117)) | G117: =IF(C117="","",(D117/F117)) | J117: =IF(C117="","",(H117+I117)) | K117: =IF(C117="","",(H117/J117)) | M117: =IF(C117="","",(G117-K117)) | N117: =IF(C117="","",IF($N$107="RR",((D117/(D117+E117))/(H117/(H117+I117))),IF($N$107="OR",((D117*I117)/(E117*H117)),"ERROR"))) | P117: =IF(C117="","",(N117^(1-($P$103/(SQRT((($J117+$F117)*((($D117*$I117)-($E117*$H117))*(($D117*$I117)-($E117*$H117)))/(($D117+$H117)*($E117+$I117)*($D117+$E117)*($H117+$I117))))))))) | Q117: =IF(C117="","",(N117^(1+($P$103/(SQRT((($J117+$F117)*((($D117*$I117)-($E117*$H117))*(($D117*$I117)-($E117*$H117)))/(($D117+$H117)*($E117+$I117)*($D117+$E117)*($H117+$I117))))))))) | R117: =UPPER(C117) | S117: =IF(C117="","",IF($E$104="X",IF(T117<>$K$30,"Error - la suma de Grupo A y B debe ser igual al total de casos",""),IF(T117<>$N$30,"Error - la suma de Grupo A y B debe ser igual al total de expuestos",""))) | T117: =J117+F117 -> #VALUE!
F118: =IF(C118="","",(D118+E118)) | G118: =IF(C118="","",(D118/F118)) | J118: =IF(C118="","",(H118+I118)) | K118: =IF(C118="","",(H118/J118)) | M118: =IF(C118="","",(G118-K118)) | N118: =IF(C118="","",IF($N$107="RR",((D118/(D118+E118))/(H118/(H118+I118))),IF($N$107="OR",((D118*I118)/(E118*H118)),"ERROR"))) | P118: =IF(C118="","",(N118^(1-($P$103/(SQRT((($J118+$F118)*((($D118*$I118)-($E118*$H118))*(($D118*$I118)-($E118*$H118)))/(($D118+$H118)*($E118+$I118)*($D118+$E118)*($H118+$I118))))))))) | Q118: =IF(C118="","",(N118^(1+($P$103/(SQRT((($J118+$F118)*((($D118*$I118)-($E118*$H118))*(($D118*$I118)-($E118*$H118)))/(($D118+$H118)*($E118+$I118)*($D118+$E118)*($H118+$I118))))))))) | R118: =UPPER(C118) | S118: =IF(C118="","",IF($E$104="X",IF(T118<>$K$30,"Error - la suma de Grupo A y B debe ser igual al total de casos",""),IF(T118<>$N$30,"Error - la suma de Grupo A y B debe ser igual al total de expuestos",""))) | T118: =J118+F118 -> #VALUE!
F119: =IF(C119="","",(D119+E119)) | G119: =IF(C119="","",(D119/F119)) | J119: =IF(C119="","",(H119+I119)) | K119: =IF(C119="","",(H119/J119)) | M119: =IF(C119="","",(G119-K119)) | N119: =IF(C119="","",IF($N$107="RR",((D119/(D119+E119))/(H119/(H119+I119))),IF($N$107="OR",((D119*I119)/(E119*H119)),"ERROR"))) | P119: =IF(C119="","",(N119^(1-($P$103/(SQRT((($J119+$F119)*((($D119*$I119)-($E119*$H119))*(($D119*$I119)-($E119*$H119)))/(($D119+$H119)*($E119+$I119)*($D119+$E119)*($H119+$I119))))))))) | Q119: =IF(C119="","",(N119^(1+($P$103/(SQRT((($J119+$F119)*((($D119*$I119)-($E119*$H119))*(($D119*$I119)-($E119*$H119)))/(($D119+$H119)*($E119+$I119)*($D119+$E119)*($H119+$I119))))))))) | R119: =UPPER(C119) | S119: =IF(C119="","",IF($E$104="X",IF(T119<>$K$30,"Error - la suma de Grupo A y B debe ser igual al total de casos",""),IF(T119<>$N$30,"Error - la suma de Grupo A y B debe ser igual al total de expuestos",""))) | T119: =J119+F119 -> #VALUE!
F120: =IF(C120="","",(D120+E120)) | G120: =IF(C120="","",(D120/F120)) | J120: =IF(C120="","",(H120+I120)) | K120: =IF(C120="","",(H120/J120)) | M120: =IF(C120="","",(G120-K120)) | N120: =IF(C120="","",IF($N$107="RR",((D120/(D120+E120))/(H120/(H120+I120))),IF($N$107="OR",((D120*I120)/(E120*H120)),"ERROR"))) | P120: =IF(C120="","",(N120^(1-($P$103/(SQRT((($J120+$F120)*((($D120*$I120)-($E120*$H120))*(($D120*$I120)-($E120*$H120)))/(($D120+$H120)*($E120+$I120)*($D120+$E120)*($H120+$I120))))))))) | Q120: =IF(C120="","",(N120^(1+($P$103/(SQRT((($J120+$F120)*((($D120*$I120)-($E120*$H120))*(($D120*$I120)-($E120*$H120)))/(($D120+$H120)*($E120+$I120)*($D120+$E120)*($H120+$I120))))))))) | R120: =UPPER(C120) | S120: =IF(C120="","",IF($E$104="X",IF(T120<>$K$30,"Error - la suma de Grupo A y B debe ser igual al total de casos",""),IF(T120<>$N$30,"Error - la suma de Grupo A y B debe ser igual al total de expuestos",""))) | T120: =J120+F120 -> #VALUE!
F121: =IF(C121="","",(D121+E121)) | G121: =IF(C121="","",(D121/F121)) | J121: =IF(C121="","",(H121+I121)) | K121: =IF(C121="","",(H121/J121)) | M121: =IF(C121="","",(G121-K121)) | N121: =IF(C121="","",IF($N$107="RR",((D121/(D121+E121))/(H121/(H121+I121))),IF($N$107="OR",((D121*I121)/(E121*H121)),"ERROR"))) | P121: =IF(C121="","",(N121^(1-($P$103/(SQRT((($J121+$F121)*((($D121*$I121)-($E121*$H121))*(($D121*$I121)-($E121*$H121)))/(($D121+$H121)*($E121+$I121)*($D121+$E121)*($H121+$I121))))))))) | Q121: =IF(C121="","",(N121^(1+($P$103/(SQRT((($J121+$F121)*((($D121*$I121)-($E121*$H121))*(($D121*$I121)-($E121*$H121)))/(($D121+$H121)*($E121+$I121)*($D121+$E121)*($H121+$I121))))))))) | R121: =UPPER(C121) | S121: =IF(C121="","",IF($E$104="X",IF(T121<>$K$30,"Error - la suma de Grupo A y B debe ser igual al total de casos",""),IF(T121<>$N$30,"Error - la suma de Grupo A y B debe ser igual al total de expuestos",""))) | T121: =J121+F121 -> #VALUE!
F122: =IF(C122="","",(D122+E122)) | G122: =IF(C122="","",(D122/F122)) | J122: =IF(C122="","",(H122+I122)) | K122: =IF(C122="","",(H122/J122)) | M122: =IF(C122="","",(G122-K122)) | N122: =IF(C122="","",IF($N$107="RR",((D122/(D122+E122))/(H122/(H122+I122))),IF($N$107="OR",((D122*I122)/(E122*H122)),"ERROR"))) | P122: =IF(C122="","",(N122^(1-($P$103/(SQRT((($J122+$F122)*((($D122*$I122)-($E122*$H122))*(($D122*$I122)-($E122*$H122)))/(($D122+$H122)*($E122+$I122)*($D122+$E122)*($H122+$I122))))))))) | Q122: =IF(C122="","",(N122^(1+($P$103/(SQRT((($J122+$F122)*((($D122*$I122)-($E122*$H122))*(($D122*$I122)-($E122*$H122)))/(($D122+$H122)*($E122+$I122)*($D122+$E122)*($H122+$I122))))))))) | R122: =UPPER(C122) | S122: =IF(C122="","",IF($E$104="X",IF(T122<>$K$30,"Error - la suma de Grupo A y B debe ser igual al total de casos",""),IF(T122<>$N$30,"Error - la suma de Grupo A y B debe ser igual al total de expuestos",""))) | T122: =J122+F122 -> #VALUE!
F123: =IF(C123="","",(D123+E123)) | G123: =IF(C123="","",(D123/F123)) | J123: =IF(C123="","",(H123+I123)) | K123: =IF(C123="","",(H123/J123)) | M123: =IF(C123="","",(G123-K123)) | N123: =IF(C123="","",IF($N$107="RR",((D123/(D123+E123))/(H123/(H123+I123))),IF($N$107="OR",((D123*I123)/(E123*H123)),"ERROR"))) | P123: =IF(C123="","",(N123^(1-($P$103/(SQRT((($J123+$F123)*((($D123*$I123)-($E123*$H123))*(($D123*$I123)-($E123*$H123)))/(($D123+$H123)*($E123+$I123)*($D123+$E123)*($H123+$I123))))))))) | Q123: =IF(C123="","",(N123^(1+($P$103/(SQRT((($J123+$F123)*((($D123*$I123)-($E123*$H123))*(($D123*$I123)-($E123*$H123)))/(($D123+$H123)*($E123+$I123)*($D123+$E123)*($H123+$I123))))))))) | R123: =UPPER(C123) | S123: =IF(C123="","",IF($E$104="X",IF(T123<>$K$30,"Error - la suma de Grupo A y B debe ser igual al total de casos",""),IF(T123<>$N$30,"Error - la suma de Grupo A y B debe ser igual al total de expuestos",""))) | T123: =J123+F123 -> #VALUE!
F124: =IF(C124="","",(D124+E124)) | G124: =IF(C124="","",(D124/F124)) | J124: =IF(C124="","",(H124+I124)) | K124: =IF(C124="","",(H124/J124)) | M124: =IF(C124="","",(G124-K124)) | N124: =IF(C124="","",IF($N$107="RR",((D124/(D124+E124))/(H124/(H124+I124))),IF($N$107="OR",((D124*I124)/(E124*H124)),"ERROR"))) | P124: =IF(C124="","",(N124^(1-($P$103/(SQRT((($J124+$F124)*((($D124*$I124)-($E124*$H124))*(($D124*$I124)-($E124*$H124)))/(($D124+$H124)*($E124+$I124)*($D124+$E124)*($H124+$I124))))))))) | Q124: =IF(C124="","",(N124^(1+($P$103/(SQRT((($J124+$F124)*((($D124*$I124)-($E124*$H124))*(($D124*$I124)-($E124*$H124)))/(($D124+$H124)*($E124+$I124)*($D124+$E124)*($H124+$I124))))))))) | R124: =UPPER(C124) | S124: =IF(C124="","",IF($E$104="X",IF(T124<>$K$30,"Error - la suma de Grupo A y B debe ser igual al total de casos",""),IF(T124<>$N$30,"Error - la suma de Grupo A y B debe ser igual al total de expuestos",""))) | T124: =J124+F124 -> #VALUE!
C126: Análisis de resultados
...

Sheet Inf. final
C3: INFORME FINAL
E5: INFORME DE INVESTIGACIÓN DE POSIBLE BROTE DE ETA Y ENFERMEDADES DE ORIGEN HÍDRICO | P5: Logo Institución
E6: INSTITUTO NACIONAL DE SALUD
E7: DIRECCIÓN DE VIGILANCIA Y ANÁLISIS DEL RIESGO EN SALUD PÚBLICA
E8: GRUPO DE GESTIÓN DEL RIESGO RESPUESTA INMEDIATA Y COMUNICACIÓN DEL RIESGO
E10: ='Inf. Preliminar'!E10 -> 0
C12: Departamento | F12: ='Inf. Preliminar'!F12 -> 0
C13: Municipio | F13: ='Inf. Preliminar'!F13 -> 0
C14: Barrio/Corregimiento/Vereda | F14: ='Inf. Preliminar'!F14 -> 0
C16: Fecha en la que se identificó el agente etiológico (dd/mm/año):
C18: Fecha de cierre del brote (dd/mm/año):
C20: Lugar de ocurrencia: | E20: ='Inf. Preliminar'!E28 -> 0
C23: Total de expuestos | I23: Tocal casos
C25: Casos vivos | F25: Casos muertos | I25: Casos hospitalizados | N25: Casos en casa
C26: =IF((D25+G25)=J23," ","Error - la suma de casos vivos y muertos debe ser igual al total de casos") | I26: =IF((K25+P25)=J23," ","Error - la suma de casos vivos y muertos debe ser igual al total de casos")
C27: Fuente de transmisión | E27: Agua | H27: Contaminación medio ambiental | M27: Modo de transmisión | O27: Oral
E28: Alimentos | H28: Otro - diferente de agua y alimento | O28: Oral - fecal
E29: Persona a persona | H29: Desconocido | O29: Cruzada
C31: Estado del brote | F31: Cerrado CON identificación del agente etiológico | L31: Cerrado SIN identificación del agente etiológico
F32: =IF(I31="X","Cuál(es) fue(ron) el(los) agente(s) identificado(s)"," ")
C34: Resumen de la situación
C37: Descripción del brote
C40: Muestras y Resultados | E40: Tipo de muestra | F40: Biologicas / superficies vivas | N40: Alimentos o superficies inertes
F41: Materia fecal | G41: Vómito | H41: Sangre | I41: Suero sanguíneo | J41: Orina | K41: Líquido cefalorraquideo | L41: Lavado gástrico | M41: Lavado o frotis de manos | N41: Alimento | O41: Restos de alimento | P41: Agua | Q41: Superficie inerte
E43: Agente identificado
C49: Factores determinantes
C51: Seguimiento a puntos criticos
C54: Recomendaciones
C67: Conclusiones
C80: Nombre del profesional que elaboró el informe
C81: Nombre y cargo del profesional que revisó
C82: Teléfono o celular
C83: e-mail
C85: ANEXOS (material de apoyo como gráficas, mapas, figuras, tablas, fotos, etc.)
L90: Diseñado y elaborado por: Milena Borbón Ramos. DVARSP. Versión abril 2021
